{
    "__comment": "Made with TheDestruc7i0n's advancements generator: https://advancements.thedestruc7i0n.ca",
    "display": {
        "title": {
            "text": "Speedrun"
        },
        "description": {
            "text": "Przejdz całą mapę w 10 minut i 30 sekund!"
        },
        "icon": {
            "item": "minecraft:potion"
        },
        "frame": "challenge",
        "show_toast": true,
        "announce_to_chat": true,
        "hidden": false
    },
    "criteria": {
        "Imposible": {
            "trigger": "minecraft:impossible"
        }
    },
    "parent": "gownostrusia:root"
}