{
    "__comment": "Made with TheDestruc7i0n's advancements generator: https://advancements.thedestruc7i0n.ca",
    "display": {
        "title": {
            "text": "Ołtażyk Enzzi'ego"
        },
        "description": {
            "text": "Wpadnij do zakamarka z ołtażem enzzi'ego!"
        },
        "icon": {
            "item": "minecraft:rotten_flesh"
        },
        "frame": "task",
        "show_toast": true,
        "announce_to_chat": true,
        "hidden": true
    },
    "criteria": {
        "Imposible": {
            "trigger": "minecraft:impossible"
        }
    },
    "parent": "gownostrusia:root"
}