{
    "__comment": "Made with TheDestruc7i0n's advancements generator: https://advancements.thedestruc7i0n.ca",
    "display": {
        "title": {
            "text": "Gówno Strusia!",
            "color": "dark_red",
            "bold": true
        },
        "description": {
            "text": ""
        },
        "icon": {
            "item": "minecraft:brown_dye"
        },
        "frame": "task",
        "show_toast": true,
        "announce_to_chat": true,
        "hidden": false,
        "background": "minecraft:textures/gui/advancements/backgrounds/gownostrusia.png"
    },
    "criteria": {
        "Imposible": {
            "trigger": "minecraft:impossible"
        }
    }
}